{
  "project_info": {
    "project_number": "9425068733",
    "firebase_url": "https://project2development.firebaseio.com",
    "project_id": "project2development",
    "storage_bucket": "project2development.appspot.com"
  },
  "client": [
    {
      "client_info": {
        "mobilesdk_app_id": "1:9425068733:android:c3589a111a424396b94dd4",
        "android_client_info": {
          "package_name": "com.example.project2development"
        }
      },
      "oauth_client": [
        {
          "client_id": "9425068733-i87aln8grlle8k0g7thfebfs2hqb2csr.apps.googleusercontent.com",
          "client_type": 1,
          "android_info": {
            "package_name": "com.example.project2development",
            "certificate_hash": "73edc44be58333f88cb7567e4bcccc154d664406"
          }
        },
        {
          "client_id": "9425068733-gkaibip30lbm0ab8ji44o21dr9b2mipm.apps.googleusercontent.com",
          "client_type": 3
        }
      ],
      "api_key": [
        {
          "current_key": "AIzaSyAIbIMgyfr3wvrjLFI7dbOUSGuxOlxaLCU"
        }
      ],
      "services": {
        "appinvite_service": {
          "other_platform_oauth_client": [
            {
              "client_id": "9425068733-gkaibip30lbm0ab8ji44o21dr9b2mipm.apps.googleusercontent.com",
              "client_type": 3
            }
          ]
        }
      }
    }
  ],
  "configuration_version": "1"
}